,Unnamed: 0,Unnamed: 0.1,Unnamed: 0.1.1,Unnamed: 0.6,Unnamed: 0.1.1.1,Unnamed: 0.1.1.1.1,Unnamed: 0.1.1.1.1.1,Unnamed: 0.1.1.1.1.1.1,Unnamed: 0.1.1.1.1.1.1.1,Unnamed: 0.1.1.1.1.1.1.1.1,Unnamed: 0.1.1.1.1.1.1.1.1.1,Unnamed: 0.1.1.1.1.1.1.1.1.1.1,Unnamed: 0.1.1.1.1.1.1.1.1.1.1.1,Unnamed: 0.1.1.1.1.1.1.1.1.1.1.1.1,Unnamed: 0.1.1.1.1.1.1.1.1.1.1.1.1.1,Unnamed: 0.1.1.1.1.1.1.1.1.1.1.1.1.1.1,Unnamed: 0.1.1.1.1.1.1.1.1.1.1.1.1.1.1.1,Unnamed: 0.1.1.1.1.1.1.1.1.1.1.1.1.1.1.1.1,Unnamed: 0.5,Unnamed: 0.1.1.1.1.1.1.1.1.1.1.1.1.1.1.1.1.1,Unnamed: 0.1.1.1.1.1.1.1.1.1.1.1.1.1.1.1.1.1.1,Unnamed: 0.1.1.1.1.1.1.1.1.1.1.1.1.1.1.1.1.1.1.1,Unnamed: 0.1.1.1.1.1.1.1.1.1.1.1.1.1.1.1.1.1.1.1.1,Unnamed: 0.1.1.1.1.1.1.1.1.1.1.1.1.1.1.1.1.1.1.1.1.1,Unnamed: 0.1.1.1.1.1.1.1.1.1.1.1.1.1.1.1.1.1.1.1.1.1.1,Unnamed: 0.1.1.1.1.1.1.1.1.1.1.1.1.1.1.1.1.1.1.1.1.1.1.1,Unnamed: 0.1.1.1.1.1.1.1.1.1.1.1.1.1.1.1.1.1.1.1.1.1.1.1.1,Unnamed: 0.1.1.1.1.1.1.1.1.1.1.1.1.1.1.1.1.1.1.1.1.1.1.1.1.1,Unnamed: 0.1.1.1.1.1.1.1.1.1.1.1.1.1.1.1.1.1.1.1.1.1.1.1.1.1.1,Unnamed: 0.1.1.1.1.1.1.1.1.1.1.1.1.1.1.1.1.1.1.1.1.1.1.1.1.1.1.1,Unnamed: 0.1.1.1.1.1.1.1.1.1.1.1.1.1.1.1.1.1.1.1.1.1.1.1.1.1.1.1.1,Unnamed: 0.1.1.1.1.1.1.1.1.1.1.1.1.1.1.1.1.1.1.1.1.1.1.1.1.1.1.1.1.1,Unnamed: 0.1.1.1.1.1.1.1.1.1.1.1.1.1.1.1.1.1.1.1.1.1.1.1.1.1.1.1.1.1.1,Unnamed: 0.1.1.1.1.1.1.1.1.1.1.1.1.1.1.1.1.1.1.1.1.1.1.1.1.1.1.1.1.1.1.1,Unnamed: 0.1.1.1.1.1.1.1.1.1.1.1.1.1.1.1.1.1.1.1.1.1.1.1.1.1.1.1.1.1.1.1.1,Unnamed: 0.1.1.1.1.1.1.1.1.1.1.1.1.1.1.1.1.1.1.1.1.1.1.1.1.1.1.1.1.1.1.1.1.1,Unnamed: 0.1.1.1.1.1.1.1.1.1.1.1.1.1.1.1.1.1.1.1.1.1.1.1.1.1.1.1.1.1.1.1.1.1.1,Unnamed: 0.1.1.1.1.1.1.1.1.1.1.1.1.1.1.1.1.1.1.1.1.1.1.1.1.1.1.1.1.1.1.1.1.1.1.1,Unnamed: 0.1.1.1.1.1.1.1.1.1.1.1.1.1.1.1.1.1.1.1.1.1.1.1.1.1.1.1.1.1.1.1.1.1.1.1.1,Unnamed: 0.1.1.1.1.1.1.1.1.1.1.1.1.1.1.1.1.1.1.1.1.1.1.1.1.1.1.1.1.1.1.1.1.1.1.1.1.1,Unnamed: 0.1.1.1.1.1.1.1.1.1.1.1.1.1.1.1.1.1.1.1.1.1.1.1.1.1.1.1.1.1.1.1.1.1.1.1.1.1.1,Unnamed: 0.1.1.1.1.1.1.1.1.1.1.1.1.1.1.1.1.1.1.1.1.1.1.1.1.1.1.1.1.1.1.1.1.1.1.1.1.1.1.1,Unnamed: 0.1.1.1.1.1.1.1.1.1.1.1.1.1.1.1.1.1.1.1.1.1.1.1.1.1.1.1.1.1.1.1.1.1.1.1.1.1.1.1.1,Unnamed: 0.4,Unnamed: 0.1.1.1.1.1.1.1.1.1.1.1.1.1.1.1.1.1.1.1.1.1.1.1.1.1.1.1.1.1.1.1.1.1.1.1.1.1.1.1.1.1,Unnamed: 0.1.1.1.1.1.1.1.1.1.1.1.1.1.1.1.1.1.1.1.1.1.1.1.1.1.1.1.1.1.1.1.1.1.1.1.1.1.1.1.1.1.1,Unnamed: 0.3,Unnamed: 0.2,Unnamed: 0.1.1.1.1.1.1.1.1.1.1.1.1.1.1.1.1.1.1.1.1.1.1.1.1.1.1.1.1.1.1.1.1.1.1.1.1.1.1.1.1.1.1.1,Unnamed: 0.1.1.1.1.1.1.1.1.1.1.1.1.1.1.1.1.1.1.1.1.1.1.1.1.1.1.1.1.1.1.1.1.1.1.1.1.1.1.1.1.1.1.1.1,Unnamed: 0.1.1.1.1.1.1.1.1.1.1.1.1.1.1.1.1.1.1.1.1.1.1.1.1.1.1.1.1.1.1.1.1.1.1.1.1.1.1.1.1.1.1.1.1.1,Unnamed: 0.1.1.1.1.1.1.1.1.1.1.1.1.1.1.1.1.1.1.1.1.1.1.1.1.1.1.1.1.1.1.1.1.1.1.1.1.1.1.1.1.1.1.1.1.1.1,Unnamed: 0.1.1.1.1.1.1.1.1.1.1.1.1.1.1.1.1.1.1.1.1.1.1.1.1.1.1.1.1.1.1.1.1.1.1.1.1.1.1.1.1.1.1.1.1.1.1.1,Unnamed: 0.1.1.1.1.1.1.1.1.1.1.1.1.1.1.1.1.1.1.1.1.1.1.1.1.1.1.1.1.1.1.1.1.1.1.1.1.1.1.1.1.1.1.1.1.1.1.1.1,Unnamed: 0.1.1.1.1.1.1.1.1.1.1.1.1.1.1.1.1.1.1.1.1.1.1.1.1.1.1.1.1.1.1.1.1.1.1.1.1.1.1.1.1.1.1.1.1.1.1.1.1.1,Unnamed: 0.1.1.1.1.1.1.1.1.1.1.1.1.1.1.1.1.1.1.1.1.1.1.1.1.1.1.1.1.1.1.1.1.1.1.1.1.1.1.1.1.1.1.1.1.1.1.1.1.1.1,Unnamed: 0.1.1.1.1.1.1.1.1.1.1.1.1.1.1.1.1.1.1.1.1.1.1.1.1.1.1.1.1.1.1.1.1.1.1.1.1.1.1.1.1.1.1.1.1.1.1.1.1.1.1.1,Unnamed: 0.1.1.1.1.1.1.1.1.1.1.1.1.1.1.1.1.1.1.1.1.1.1.1.1.1.1.1.1.1.1.1.1.1.1.1.1.1.1.1.1.1.1.1.1.1.1.1.1.1.1.1.1,Unnamed: 0.1.1.1.1.1.1.1.1.1.1.1.1.1.1.1.1.1.1.1.1.1.1.1.1.1.1.1.1.1.1.1.1.1.1.1.1.1.1.1.1.1.1.1.1.1.1.1.1.1.1.1.1.1,Unnamed: 0.1.1.1.1.1.1.1.1.1.1.1.1.1.1.1.1.1.1.1.1.1.1.1.1.1.1.1.1.1.1.1.1.1.1.1.1.1.1.1.1.1.1.1.1.1.1.1.1.1.1.1.1.1.1,Unnamed: 0.1.1.1.1.1.1.1.1.1.1.1.1.1.1.1.1.1.1.1.1.1.1.1.1.1.1.1.1.1.1.1.1.1.1.1.1.1.1.1.1.1.1.1.1.1.1.1.1.1.1.1.1.1.1.1,Unnamed: 0.1.1.1.1.1.1.1.1.1.1.1.1.1.1.1.1.1.1.1.1.1.1.1.1.1.1.1.1.1.1.1.1.1.1.1.1.1.1.1.1.1.1.1.1.1.1.1.1.1.1.1.1.1.1.1.1,Unnamed: 0.1.1.1.1.1.1.1.1.1.1.1.1.1.1.1.1.1.1.1.1.1.1.1.1.1.1.1.1.1.1.1.1.1.1.1.1.1.1.1.1.1.1.1.1.1.1.1.1.1.1.1.1.1.1.1.1.1,Unnamed: 0.1.1.1.1.1.1.1.1.1.1.1.1.1.1.1.1.1.1.1.1.1.1.1.1.1.1.1.1.1.1.1.1.1.1.1.1.1.1.1.1.1.1.1.1.1.1.1.1.1.1.1.1.1.1.1.1.1.1,Unnamed: 0.1.1.1.1.1.1.1.1.1.1.1.1.1.1.1.1.1.1.1.1.1.1.1.1.1.1.1.1.1.1.1.1.1.1.1.1.1.1.1.1.1.1.1.1.1.1.1.1.1.1.1.1.1.1.1.1.1.1.1,id,filename,title,url,is_image
1,2,3,3,4.0,5.0,6.0,7.0,8.0,9.0,10.0,11.0,12.0,13.0,14.0,15.0,16.0,17.0,17.0,18.0,19.0,20.0,21.0,22.0,23.0,24.0,25.0,26.0,27.0,28.0,29.0,30.0,31.0,32.0,33.0,34.0,35.0,36.0,37.0,38.0,39.0,40.0,41.0,41.0,,,,,,,,,,,,,,,,,,,,,,,13wfjyy,info_hive/13wfjyy.mp4,Ukrainian athlete Ivan Chuprinko refused to shake hands with his Iranian rival Amir Reze Mesforush during the medal ceremony of classical and equipped bench press at World Championships in South Africa apparently in protest at Iran's arms supplies to Russia.,https://raw.githubusercontent.com/AryanSingh1995/collection/master/13wfjyy.mp4,False
2,3,4,4,5.0,6.0,7.0,8.0,9.0,10.0,11.0,12.0,13.0,14.0,15.0,16.0,17.0,18.0,18.0,19.0,20.0,21.0,22.0,23.0,24.0,25.0,26.0,27.0,28.0,29.0,30.0,31.0,32.0,33.0,34.0,35.0,36.0,37.0,38.0,39.0,40.0,41.0,42.0,42.0,,,,,,,,,,,,,,,,,,,,,,,13we327,info_hive/13we327.mp4,Mosquito Invasion In Russia,https://raw.githubusercontent.com/AryanSingh1995/collection/master/13we327.mp4,False
3,4,5,5,6.0,7.0,8.0,9.0,10.0,11.0,12.0,13.0,14.0,15.0,16.0,17.0,18.0,19.0,19.0,,,,,,,,,,,,,,,,,,,,,,,,,,,,,,,,,,,,,,,,,,,,,,,,13zwbw8,info_hive/13zwbw8.mp4,"Bills without ""In God We Trust""",https://raw.githubusercontent.com/AryanSingh1995/collection/master/13zwbw8.mp4,True
4,5,6,6,7.0,8.0,9.0,10.0,11.0,12.0,13.0,14.0,15.0,16.0,17.0,18.0,19.0,20.0,20.0,,,,,,,,,,,,,,,,,,,,,,,,,,,,,,,,,,,,,,,,,,,,,,,,13zwvsn,info_hive/13zwvsn.mp4,Fresh bills smuggled out of North Korea,https://raw.githubusercontent.com/AryanSingh1995/collection/master/13zwvsn.mp4,True
5,6,7,7,8.0,9.0,10.0,11.0,12.0,13.0,14.0,15.0,16.0,17.0,18.0,19.0,20.0,21.0,21.0,,,,,,,,,,,,,,,,,,,,,,,,,,,,,,,,,,,,,,,,,,,,,,,,13zx12x,info_hive/13zx12x.mp4,Custom prosthetic leg for adult elephant.,https://raw.githubusercontent.com/AryanSingh1995/collection/master/13zx12x.mp4,False
6,7,8,8,9.0,10.0,11.0,12.0,13.0,14.0,15.0,16.0,17.0,18.0,19.0,20.0,21.0,22.0,22.0,,,,,,,,,,,,,,,,,,,,,,,,,,,,,,,,,,,,,,,,,,,,,,,,13zmttw,info_hive/13zmttw.mp4,The Finnish police set up a sound system at the Haukilahti beach to blast classical music to keep the loitering youth away. And so far it seems to be working.,https://raw.githubusercontent.com/AryanSingh1995/collection/master/13zmttw.mp4,False
7,8,9,9,10.0,11.0,12.0,13.0,14.0,15.0,16.0,17.0,18.0,19.0,20.0,21.0,22.0,23.0,23.0,,,,,,,,,,,,,,,,,,,,,,,,,,,,,,,,,,,,,,,,,,,,,,,,13zkvcu,info_hive/13zkvcu.mp4,Shearing an overgrown babydoll sheep,https://raw.githubusercontent.com/AryanSingh1995/collection/master/13zkvcu.mp4,False
8,9,10,10,11.0,12.0,13.0,14.0,15.0,16.0,17.0,18.0,19.0,20.0,21.0,22.0,23.0,24.0,24.0,,,,,,,,,,,,,,,,,,,,,,,,,,,,,,,,,,,,,,,,,,,,,,,,13zlhfx,info_hive/13zlhfx.mp4,"Incoming Sandstorm - Suez Canal, Egypt",https://raw.githubusercontent.com/AryanSingh1995/collection/master/13zlhfx.mp4,False
9,10,11,11,12.0,13.0,14.0,15.0,16.0,17.0,18.0,19.0,20.0,21.0,22.0,23.0,24.0,25.0,25.0,,,,,,,,,,,,,,,,,,,,,,,,,,,,,,,,,,,,,,,,,,,,,,,,1400wdz,info_hive/1400wdz.mp4,Amazing hip dance competition,https://raw.githubusercontent.com/AryanSingh1995/collection/master/1400wdz.mp4,False
10,11,12,12,13.0,14.0,15.0,16.0,17.0,18.0,19.0,20.0,21.0,22.0,23.0,24.0,25.0,26.0,26.0,,,,,,,,,,,,,,,,,,,,,,,,,,,,,,,,,,,,,,,,,,,,,,,,1408yxb,info_hive/1408yxb.mp4,Rubbing alcohol versus Germs under microscope,https://raw.githubusercontent.com/AryanSingh1995/collection/master/1408yxb.mp4,False
11,12,13,13,14.0,15.0,16.0,17.0,18.0,19.0,20.0,21.0,22.0,23.0,24.0,25.0,26.0,27.0,27.0,,,,,,,,,,,,,,,,,,,,,,,,,,,,,,,,,,,,,,,,,,,,,,,,13zkq89,info_hive/13zkq89.mp4,Slow motion of an Embraer 190 landing at St. Maarten,https://raw.githubusercontent.com/AryanSingh1995/collection/master/13zkq89.mp4,False
12,13,14,14,15.0,16.0,17.0,18.0,19.0,20.0,21.0,22.0,23.0,24.0,25.0,26.0,27.0,28.0,28.0,,,,,,,,,,,,,,,,,,,,,,,,,,,,,,,,,,,,,,,,,,,,,,,,13zlqtb,info_hive/13zlqtb.mp4,Elephant to the rescue!,https://raw.githubusercontent.com/AryanSingh1995/collection/master/13zlqtb.mp4,False
13,14,15,15,16.0,17.0,18.0,19.0,20.0,21.0,22.0,23.0,24.0,25.0,26.0,27.0,28.0,29.0,29.0,,,,,,,,,,,,,,,,,,,,,,,,,,,,,,,,,,,,,,,,,,,,,,,,13zqgz4,info_hive/13zqgz4.mp4,A baseball game was won today when a pitcher thew the ball at the umpire's head.,https://raw.githubusercontent.com/AryanSingh1995/collection/master/13zqgz4.mp4,False
14,15,16,16,17.0,18.0,19.0,20.0,21.0,22.0,23.0,24.0,25.0,26.0,27.0,28.0,29.0,30.0,30.0,,,,,,,,,,,,,,,,,,,,,,,,,,,,,,,,,,,,,,,,,,,,,,,,14084hh,info_hive/14084hh.mp4,Dentist confirms they can tell when someone has recently given a blowjob,https://raw.githubusercontent.com/AryanSingh1995/collection/master/14084hh.mp4,False
15,16,17,17,18.0,19.0,20.0,21.0,22.0,23.0,24.0,25.0,26.0,27.0,28.0,29.0,30.0,31.0,31.0,,,,,,,,,,,,,,,,,,,,,,,,,,,,,,,,,,,,,,,,,,,,,,,,13zxc0v,info_hive/13zxc0v.mp4,Seriously impressive.  I am in awe.,https://raw.githubusercontent.com/AryanSingh1995/collection/master/13zxc0v.mp4,False
16,17,18,18,19.0,20.0,21.0,22.0,23.0,24.0,25.0,26.0,27.0,28.0,29.0,30.0,31.0,32.0,32.0,,,,,,,,,,,,,,,,,,,,,,,,,,,,,,,,,,,,,,,,,,,,,,,,13zs5ki,info_hive/13zs5ki.mp4,"Chill, man. You're gonna get  a cold.",https://raw.githubusercontent.com/AryanSingh1995/collection/master/13zs5ki.mp4,False
17,18,19,19,,,,,,,,,,,,,,,,,,,,,,,,,,,,,,,,,,,,,,,,,,,,,,,,,,,,,,,,,,,,,,,13z57h0,info_hive/13z57h0.mp4,Bird trying to impress a female,https://raw.githubusercontent.com/AryanSingh1995/collection/master/13z57h0.mp4,False
18,19,20,20,,,,,,,,,,,,,,,,,,,,,,,,,,,,,,,,,,,,,,,,,,,,,,,,,,,,,,,,,,,,,,,13gr5ea,info_hive/13gr5ea.mp4,Another working day in Antarctica,https://raw.githubusercontent.com/AryanSingh1995/collection/master/13gr5ea.mp4,False
19,20,21,21,,,,,,,,,,,,,,,,,,,,,,,,,,,,,,,,,,,,,,,,,,,,,,,,,,,,,,,,,,,,,,,13caq0n,info_hive/13caq0n.mp4,"The velox robot can walk on sand, ice, swim under water",https://raw.githubusercontent.com/AryanSingh1995/collection/master/13caq0n.mp4,False
20,21,22,22,,,,,,,,,,,,,,,,,,,,,,,,,,,,,,,,,,,,,,,,,,,,,,,,,,,,,,,,,,,,,,,13jo8nn,info_hive/13jo8nn.mp4,Retractable stairs,https://raw.githubusercontent.com/AryanSingh1995/collection/master/13jo8nn.mp4,False
21,22,23,23,,,,,,,,,,,,,,,,,,,,,,,,,,,,,,,,,,,,,,,,,,,,,,,,,,,,,,,,,,,,,,,13zkk90,info_hive/13zkk90.mp4,Silverback Gorilla Dominance.,https://raw.githubusercontent.com/AryanSingh1995/collection/master/13zkk90.mp4,False
22,23,24,24,,,,,,,,,,,,,,,,,,,,,,,,,,,,,,,,,,,,,,,,,,,,,,,,,,,,,,,,,,,,,,,13s0hde,info_hive/13s0hde.mp4,The difference a simple haircut makes,https://raw.githubusercontent.com/AryanSingh1995/collection/master/13s0hde.mp4,False
23,24,25,25,,,,,,,,,,,,,,,,,,,,,,,,,,,,,,,,,,,,,,,,,,,,,,,,,,,,,,,,,,,,,,,13susng,info_hive/13susng.mp4,"The front flip was executed flawlessly, displaying remarkable fluidity.",https://raw.githubusercontent.com/AryanSingh1995/collection/master/13susng.mp4,False
24,25,26,26,,,,,,,,,,,,,,,,,,,,,,,,,,,,,,,,,,,,,,,,,,,,,,,,,,,,,,,,,,,,,,,13ft6gu,info_hive/13ft6gu.mp4,Waking up a 120 yo water wheel,https://raw.githubusercontent.com/AryanSingh1995/collection/master/13ft6gu.mp4,False
25,26,27,27,,,,,,,,,,,,,,,,,,,,,,,,,,,,,,,,,,,,,,,,,,,,,,,,,,,,,,,,,,,,,,,13nlfpo,info_hive/13nlfpo.mp4,The moment Norwegian national TV broadcasted in color,https://raw.githubusercontent.com/AryanSingh1995/collection/master/13nlfpo.mp4,False
26,27,28,28,,,,,,,,,,,,,,,,,,,,,,,,,,,,,,,,,,,,,,,,,,,,,,,,,,,,,,,,,,,,,,,13kluj5,info_hive/13kluj5.mp4,Lake Burlinskoye is a pink lake in Siberia and a train runs through it..,https://raw.githubusercontent.com/AryanSingh1995/collection/master/13kluj5.mp4,False
27,28,29,29,,,,,,,,,,,,,,,,,,,,,,,,,,,,,,,,,,,,,,,,,,,,,,,,,,,,,,,,,,,,,,,13fhelk,info_hive/13fhelk.mp4,Western Australia can look stunning,https://raw.githubusercontent.com/AryanSingh1995/collection/master/13fhelk.mp4,False
28,29,30,30,,,,,,,,,,,,,,,,,,,,,,,,,,,,,,,,,,,,,,,,,,,,,,,,,,,,,,,,,,,,,,,13ek237,info_hive/13ek237.mp4,Eagle trained to neutralize drones,https://raw.githubusercontent.com/AryanSingh1995/collection/master/13ek237.mp4,False
29,30,31,31,,,,,,,,,,,,,,,,,,,,,,,,,,,,,,,,,,,,,,,,,,,,,,,,,,,,,,,,,,,,,,,13gu1my,info_hive/13gu1my.mp4,Waiahuakua is the second longest sea cave in the world with a waterfall flowing through it,https://raw.githubusercontent.com/AryanSingh1995/collection/master/13gu1my.mp4,False
30,31,32,32,,,,,,,,,,,,,,,,,,,,,,,,,,,,,,,,,,,,,,,,,,,,,,,,,,,,,,,,,,,,,,,13ba50e,info_hive/13ba50e.mp4,Fossil hunter finds a perfect 185 million year old ammonite fossil,https://raw.githubusercontent.com/AryanSingh1995/collection/master/13ba50e.mp4,False
31,32,33,33,,,,,,,,,,,,,,,,,,,,,,,,,,,,,,,,,,,,,,,,,,,,,,,,,,,,,,,,,,,,,,,13megsb,info_hive/13megsb.mp4,Unique way to recycle.,https://raw.githubusercontent.com/AryanSingh1995/collection/master/13megsb.mp4,False
32,33,34,34,,,,,,,,,,,,,,,,,,,,,,,,,,,,,,,,,,,,,,,,,,,,,,,,,,,,,,,,,,,,,,,140nqsl,info_hive/140nqsl.mp4,The “Worlds most dangerous instrument” aka the Glass Harmonica made by Benjamin Franklin 1761,https://raw.githubusercontent.com/AryanSingh1995/collection/master/140nqsl.mp4,False
33,34,35,35,,,,,,,,,,,,,,,,,,,,,,,,,,,,,,,,,,,,,,,,,,,,,,,,,,,,,,,,,,,,,,,13afa6z,info_hive/13afa6z.mp4,Some say that frisbee is an extension of his hand…,https://raw.githubusercontent.com/AryanSingh1995/collection/master/13afa6z.mp4,False
34,35,36,36,,,,,,,,,,,,,,,,,,,,,,,,,,,,,,,,,,,,,,,,,,,,,,,,,,,,,,,,,,,,,,,13r2pdy,info_hive/13r2pdy.mp4,This Hollywood puzzle,https://raw.githubusercontent.com/AryanSingh1995/collection/master/13r2pdy.mp4,False
35,36,37,37,,,,,,,,,,,,,,,,,,,,,,,,,,,,,,,,,,,,,,,,,,,,,,,,,,,,,,,,,,,,,,,13bp2vn,info_hive/13bp2vn.mp4,Rare footage of our parents going to school back in the day ( colorized) ,https://raw.githubusercontent.com/AryanSingh1995/collection/master/13bp2vn.mp4,False
36,37,38,38,,,,,,,,,,,,,,,,,,,,,,,,,,,,,,,,,,,,,,,,,,,,,,,,,,,,,,,,,,,,,,,13h9dzh,info_hive/13h9dzh.mp4,A rock with a curious shape and side turns out to be a 20 million year old scallop fossil,https://raw.githubusercontent.com/AryanSingh1995/collection/master/13h9dzh.mp4,False
